{
  "dataset_revision": "ab518f4d6fcca38d87c25209f94beba119d02014",
  "task_name": "HotpotQA",
  "mteb_version": "1.38.7",
  "scores": {
    "test": [
      {
        "ndcg_at_1": 0.0023,
        "ndcg_at_3": 0.00282,
        "ndcg_at_5": 0.00349,
        "ndcg_at_10": 0.00443,
        "ndcg_at_20": 0.00557,
        "ndcg_at_100": 0.00933,
        "ndcg_at_1000": 0.02107,
        "map_at_1": 0.00115,
        "map_at_3": 0.002,
        "map_at_5": 0.0023,
        "map_at_10": 0.00261,
        "map_at_20": 0.00288,
        "map_at_100": 0.00327,
        "map_at_1000": 0.00355,
        "recall_at_1": 0.00115,
        "recall_at_3": 0.00317,
        "recall_at_5": 0.00452,
        "recall_at_10": 0.00695,
        "recall_at_20": 0.01067,
        "recall_at_100": 0.02795,
        "recall_at_1000": 0.10986,
        "precision_at_1": 0.0023,
        "precision_at_3": 0.00212,
        "precision_at_5": 0.00181,
        "precision_at_10": 0.00139,
        "precision_at_20": 0.00107,
        "precision_at_100": 0.00056,
        "precision_at_1000": 0.00022,
        "mrr_at_1": 0.002296,
        "mrr_at_3": 0.004006,
        "mrr_at_5": 0.0046,
        "mrr_at_10": 0.005194,
        "mrr_at_20": 0.005655,
        "mrr_at_100": 0.006373,
        "mrr_at_1000": 0.006818,
        "nauc_ndcg_at_1_max": 0.227771,
        "nauc_ndcg_at_1_std": -0.130589,
        "nauc_ndcg_at_1_diff1": -0.042801,
        "nauc_ndcg_at_3_max": 0.120234,
        "nauc_ndcg_at_3_std": -0.023112,
        "nauc_ndcg_at_3_diff1": 0.004768,
        "nauc_ndcg_at_5_max": 0.164276,
        "nauc_ndcg_at_5_std": -0.027642,
        "nauc_ndcg_at_5_diff1": 0.000223,
        "nauc_ndcg_at_10_max": 0.160811,
        "nauc_ndcg_at_10_std": -0.023187,
        "nauc_ndcg_at_10_diff1": 0.006845,
        "nauc_ndcg_at_20_max": 0.175567,
        "nauc_ndcg_at_20_std": -0.021111,
        "nauc_ndcg_at_20_diff1": -0.01714,
        "nauc_ndcg_at_100_max": 0.159971,
        "nauc_ndcg_at_100_std": -0.016671,
        "nauc_ndcg_at_100_diff1": -0.032029,
        "nauc_ndcg_at_1000_max": 0.206762,
        "nauc_ndcg_at_1000_std": -0.054862,
        "nauc_ndcg_at_1000_diff1": -0.099307,
        "nauc_map_at_1_max": 0.227771,
        "nauc_map_at_1_std": -0.130589,
        "nauc_map_at_1_diff1": -0.042801,
        "nauc_map_at_3_max": 0.13763,
        "nauc_map_at_3_std": -0.041058,
        "nauc_map_at_3_diff1": -0.007562,
        "nauc_map_at_5_max": 0.166216,
        "nauc_map_at_5_std": -0.042737,
        "nauc_map_at_5_diff1": -0.00943,
        "nauc_map_at_10_max": 0.166436,
        "nauc_map_at_10_std": -0.040194,
        "nauc_map_at_10_diff1": -0.005696,
        "nauc_map_at_20_max": 0.172953,
        "nauc_map_at_20_std": -0.038016,
        "nauc_map_at_20_diff1": -0.016667,
        "nauc_map_at_100_max": 0.170927,
        "nauc_map_at_100_std": -0.036922,
        "nauc_map_at_100_diff1": -0.023189,
        "nauc_map_at_1000_max": 0.177708,
        "nauc_map_at_1000_std": -0.040872,
        "nauc_map_at_1000_diff1": -0.032604,
        "nauc_recall_at_1_max": 0.227771,
        "nauc_recall_at_1_std": -0.130589,
        "nauc_recall_at_1_diff1": -0.042801,
        "nauc_recall_at_3_max": 0.087887,
        "nauc_recall_at_3_std": 0.010385,
        "nauc_recall_at_3_diff1": 0.028729,
        "nauc_recall_at_5_max": 0.163661,
        "nauc_recall_at_5_std": -0.004675,
        "nauc_recall_at_5_diff1": 0.01534,
        "nauc_recall_at_10_max": 0.1583,
        "nauc_recall_at_10_std": -0.004669,
        "nauc_recall_at_10_diff1": 0.020172,
        "nauc_recall_at_20_max": 0.186491,
        "nauc_recall_at_20_std": -0.010296,
        "nauc_recall_at_20_diff1": -0.025853,
        "nauc_recall_at_100_max": 0.154609,
        "nauc_recall_at_100_std": -0.008947,
        "nauc_recall_at_100_diff1": -0.04258,
        "nauc_recall_at_1000_max": 0.223371,
        "nauc_recall_at_1000_std": -0.067791,
        "nauc_recall_at_1000_diff1": -0.130131,
        "nauc_precision_at_1_max": 0.227771,
        "nauc_precision_at_1_std": -0.130589,
        "nauc_precision_at_1_diff1": -0.042801,
        "nauc_precision_at_3_max": 0.087887,
        "nauc_precision_at_3_std": 0.010385,
        "nauc_precision_at_3_diff1": 0.028729,
        "nauc_precision_at_5_max": 0.163661,
        "nauc_precision_at_5_std": -0.004675,
        "nauc_precision_at_5_diff1": 0.01534,
        "nauc_precision_at_10_max": 0.1583,
        "nauc_precision_at_10_std": -0.004669,
        "nauc_precision_at_10_diff1": 0.020172,
        "nauc_precision_at_20_max": 0.186491,
        "nauc_precision_at_20_std": -0.010296,
        "nauc_precision_at_20_diff1": -0.025853,
        "nauc_precision_at_100_max": 0.154609,
        "nauc_precision_at_100_std": -0.008947,
        "nauc_precision_at_100_diff1": -0.04258,
        "nauc_precision_at_1000_max": 0.223371,
        "nauc_precision_at_1000_std": -0.067791,
        "nauc_precision_at_1000_diff1": -0.130131,
        "nauc_mrr_at_1_max": 0.227771,
        "nauc_mrr_at_1_std": -0.130589,
        "nauc_mrr_at_1_diff1": -0.042801,
        "nauc_mrr_at_3_max": 0.13763,
        "nauc_mrr_at_3_std": -0.041058,
        "nauc_mrr_at_3_diff1": -0.007562,
        "nauc_mrr_at_5_max": 0.166216,
        "nauc_mrr_at_5_std": -0.042737,
        "nauc_mrr_at_5_diff1": -0.00943,
        "nauc_mrr_at_10_max": 0.16162,
        "nauc_mrr_at_10_std": -0.037539,
        "nauc_mrr_at_10_diff1": -0.002842,
        "nauc_mrr_at_20_max": 0.164683,
        "nauc_mrr_at_20_std": -0.032257,
        "nauc_mrr_at_20_diff1": -0.009616,
        "nauc_mrr_at_100_max": 0.160698,
        "nauc_mrr_at_100_std": -0.028719,
        "nauc_mrr_at_100_diff1": -0.013159,
        "nauc_mrr_at_1000_max": 0.164572,
        "nauc_mrr_at_1000_std": -0.031772,
        "nauc_mrr_at_1000_diff1": -0.020963,
        "main_score": 0.00443,
        "hf_subset": "default",
        "languages": [
          "eng-Latn"
        ]
      }
    ]
  },
  "evaluation_time": 3099.856827020645,
  "kg_co2_emissions": null
}