{
  "dataset_revision": "ab518f4d6fcca38d87c25209f94beba119d02014",
  "task_name": "HotpotQA",
  "mteb_version": "1.38.7",
  "scores": {
    "test": [
      {
        "ndcg_at_1": 0.00242,
        "ndcg_at_3": 0.00278,
        "ndcg_at_5": 0.00342,
        "ndcg_at_10": 0.00371,
        "ndcg_at_20": 0.0046,
        "ndcg_at_100": 0.00813,
        "ndcg_at_1000": 0.02068,
        "map_at_1": 0.00121,
        "map_at_3": 0.00195,
        "map_at_5": 0.00225,
        "map_at_10": 0.00233,
        "map_at_20": 0.00254,
        "map_at_100": 0.00291,
        "map_at_1000": 0.0032,
        "recall_at_1": 0.00121,
        "recall_at_3": 0.00322,
        "recall_at_5": 0.00443,
        "recall_at_10": 0.00523,
        "recall_at_20": 0.00805,
        "recall_at_100": 0.02415,
        "recall_at_1000": 0.11232,
        "precision_at_1": 0.00242,
        "precision_at_3": 0.00215,
        "precision_at_5": 0.00177,
        "precision_at_10": 0.00105,
        "precision_at_20": 0.00081,
        "precision_at_100": 0.00048,
        "precision_at_1000": 0.00022,
        "mrr_at_1": 0.002415,
        "mrr_at_3": 0.003892,
        "mrr_at_5": 0.004495,
        "mrr_at_10": 0.004665,
        "mrr_at_20": 0.005079,
        "mrr_at_100": 0.005788,
        "mrr_at_1000": 0.006255,
        "nauc_ndcg_at_1_max": 0.060782,
        "nauc_ndcg_at_1_std": -0.128974,
        "nauc_ndcg_at_1_diff1": -0.300022,
        "nauc_ndcg_at_3_max": 0.128342,
        "nauc_ndcg_at_3_std": 0.072852,
        "nauc_ndcg_at_3_diff1": -0.16632,
        "nauc_ndcg_at_5_max": 0.185777,
        "nauc_ndcg_at_5_std": -0.015063,
        "nauc_ndcg_at_5_diff1": -0.21485,
        "nauc_ndcg_at_10_max": 0.162219,
        "nauc_ndcg_at_10_std": -0.053089,
        "nauc_ndcg_at_10_diff1": -0.21613,
        "nauc_ndcg_at_20_max": 0.232288,
        "nauc_ndcg_at_20_std": -0.092209,
        "nauc_ndcg_at_20_diff1": -0.23913,
        "nauc_ndcg_at_100_max": 0.198738,
        "nauc_ndcg_at_100_std": -0.04416,
        "nauc_ndcg_at_100_diff1": -0.138853,
        "nauc_ndcg_at_1000_max": 0.238663,
        "nauc_ndcg_at_1000_std": -0.090437,
        "nauc_ndcg_at_1000_diff1": -0.151223,
        "nauc_map_at_1_max": 0.060782,
        "nauc_map_at_1_std": -0.128974,
        "nauc_map_at_1_diff1": -0.300022,
        "nauc_map_at_3_max": 0.123123,
        "nauc_map_at_3_std": 0.023086,
        "nauc_map_at_3_diff1": -0.200682,
        "nauc_map_at_5_max": 0.165163,
        "nauc_map_at_5_std": -0.033507,
        "nauc_map_at_5_diff1": -0.230997,
        "nauc_map_at_10_max": 0.154741,
        "nauc_map_at_10_std": -0.050474,
        "nauc_map_at_10_diff1": -0.230605,
        "nauc_map_at_20_max": 0.182996,
        "nauc_map_at_20_std": -0.065144,
        "nauc_map_at_20_diff1": -0.23931,
        "nauc_map_at_100_max": 0.171475,
        "nauc_map_at_100_std": -0.04884,
        "nauc_map_at_100_diff1": -0.20183,
        "nauc_map_at_1000_max": 0.179161,
        "nauc_map_at_1000_std": -0.051844,
        "nauc_map_at_1000_diff1": -0.198855,
        "nauc_recall_at_1_max": 0.060782,
        "nauc_recall_at_1_std": -0.128974,
        "nauc_recall_at_1_diff1": -0.300022,
        "nauc_recall_at_3_max": 0.13622,
        "nauc_recall_at_3_std": 0.164499,
        "nauc_recall_at_3_diff1": -0.102829,
        "nauc_recall_at_5_max": 0.218003,
        "nauc_recall_at_5_std": 0.011031,
        "nauc_recall_at_5_diff1": -0.191064,
        "nauc_recall_at_10_max": 0.16755,
        "nauc_recall_at_10_std": -0.067467,
        "nauc_recall_at_10_diff1": -0.198278,
        "nauc_recall_at_20_max": 0.297162,
        "nauc_recall_at_20_std": -0.137852,
        "nauc_recall_at_20_diff1": -0.245776,
        "nauc_recall_at_100_max": 0.218144,
        "nauc_recall_at_100_std": -0.046248,
        "nauc_recall_at_100_diff1": -0.102829,
        "nauc_recall_at_1000_max": 0.25958,
        "nauc_recall_at_1000_std": -0.112275,
        "nauc_recall_at_1000_diff1": -0.147766,
        "nauc_precision_at_1_max": 0.060782,
        "nauc_precision_at_1_std": -0.128974,
        "nauc_precision_at_1_diff1": -0.300022,
        "nauc_precision_at_3_max": 0.13622,
        "nauc_precision_at_3_std": 0.164499,
        "nauc_precision_at_3_diff1": -0.102829,
        "nauc_precision_at_5_max": 0.218003,
        "nauc_precision_at_5_std": 0.011031,
        "nauc_precision_at_5_diff1": -0.191064,
        "nauc_precision_at_10_max": 0.16755,
        "nauc_precision_at_10_std": -0.067467,
        "nauc_precision_at_10_diff1": -0.198278,
        "nauc_precision_at_20_max": 0.297162,
        "nauc_precision_at_20_std": -0.137852,
        "nauc_precision_at_20_diff1": -0.245776,
        "nauc_precision_at_100_max": 0.218144,
        "nauc_precision_at_100_std": -0.046248,
        "nauc_precision_at_100_diff1": -0.102829,
        "nauc_precision_at_1000_max": 0.25958,
        "nauc_precision_at_1000_std": -0.112275,
        "nauc_precision_at_1000_diff1": -0.147766,
        "nauc_mrr_at_1_max": 0.060782,
        "nauc_mrr_at_1_std": -0.128974,
        "nauc_mrr_at_1_diff1": -0.300022,
        "nauc_mrr_at_3_max": 0.123123,
        "nauc_mrr_at_3_std": 0.023086,
        "nauc_mrr_at_3_diff1": -0.200682,
        "nauc_mrr_at_5_max": 0.165163,
        "nauc_mrr_at_5_std": -0.033507,
        "nauc_mrr_at_5_diff1": -0.230997,
        "nauc_mrr_at_10_max": 0.154741,
        "nauc_mrr_at_10_std": -0.050474,
        "nauc_mrr_at_10_diff1": -0.230605,
        "nauc_mrr_at_20_max": 0.182421,
        "nauc_mrr_at_20_std": -0.064533,
        "nauc_mrr_at_20_diff1": -0.238998,
        "nauc_mrr_at_100_max": 0.16846,
        "nauc_mrr_at_100_std": -0.046001,
        "nauc_mrr_at_100_diff1": -0.200434,
        "nauc_mrr_at_1000_max": 0.172339,
        "nauc_mrr_at_1000_std": -0.048471,
        "nauc_mrr_at_1000_diff1": -0.196039,
        "main_score": 0.00371,
        "hf_subset": "default",
        "languages": [
          "eng-Latn"
        ]
      }
    ]
  },
  "evaluation_time": 33715.5427339077,
  "kg_co2_emissions": null
}