{
  "dataset_revision": "ab518f4d6fcca38d87c25209f94beba119d02014",
  "task_name": "HotpotQA",
  "mteb_version": "1.34.26",
  "scores": {
    "test": [
      {
        "ndcg_at_1": 0.07549,
        "ndcg_at_3": 0.06435,
        "ndcg_at_5": 0.07129,
        "ndcg_at_10": 0.08201,
        "ndcg_at_20": 0.09025,
        "ndcg_at_100": 0.10972,
        "ndcg_at_1000": 0.13704,
        "map_at_1": 0.03774,
        "map_at_3": 0.04957,
        "map_at_5": 0.0531,
        "map_at_10": 0.05717,
        "map_at_20": 0.05934,
        "map_at_100": 0.06192,
        "map_at_1000": 0.06281,
        "recall_at_1": 0.03774,
        "recall_at_3": 0.06307,
        "recall_at_5": 0.07691,
        "recall_at_10": 0.10392,
        "recall_at_20": 0.13065,
        "recall_at_100": 0.21796,
        "recall_at_1000": 0.40385,
        "precision_at_1": 0.07549,
        "precision_at_3": 0.04204,
        "precision_at_5": 0.03076,
        "precision_at_10": 0.02078,
        "precision_at_20": 0.01307,
        "precision_at_100": 0.00436,
        "precision_at_1000": 0.00081,
        "mrr_at_1": 0.07549,
        "mrr_at_3": 0.096129,
        "mrr_at_5": 0.10153,
        "mrr_at_10": 0.107826,
        "mrr_at_20": 0.110811,
        "mrr_at_100": 0.113992,
        "mrr_at_1000": 0.114853,
        "nauc_ndcg_at_1_max": 0.324397,
        "nauc_ndcg_at_1_std": 0.253885,
        "nauc_ndcg_at_1_diff1": 0.369141,
        "nauc_ndcg_at_3_max": 0.302887,
        "nauc_ndcg_at_3_std": 0.262601,
        "nauc_ndcg_at_3_diff1": 0.278461,
        "nauc_ndcg_at_5_max": 0.293619,
        "nauc_ndcg_at_5_std": 0.265066,
        "nauc_ndcg_at_5_diff1": 0.257723,
        "nauc_ndcg_at_10_max": 0.283003,
        "nauc_ndcg_at_10_std": 0.284559,
        "nauc_ndcg_at_10_diff1": 0.229976,
        "nauc_ndcg_at_20_max": 0.281553,
        "nauc_ndcg_at_20_std": 0.295532,
        "nauc_ndcg_at_20_diff1": 0.219143,
        "nauc_ndcg_at_100_max": 0.28647,
        "nauc_ndcg_at_100_std": 0.325293,
        "nauc_ndcg_at_100_diff1": 0.205596,
        "nauc_ndcg_at_1000_max": 0.290439,
        "nauc_ndcg_at_1000_std": 0.364678,
        "nauc_ndcg_at_1000_diff1": 0.195969,
        "nauc_map_at_1_max": 0.324397,
        "nauc_map_at_1_std": 0.253885,
        "nauc_map_at_1_diff1": 0.369141,
        "nauc_map_at_3_max": 0.309649,
        "nauc_map_at_3_std": 0.262862,
        "nauc_map_at_3_diff1": 0.29601,
        "nauc_map_at_5_max": 0.302908,
        "nauc_map_at_5_std": 0.2648,
        "nauc_map_at_5_diff1": 0.28243,
        "nauc_map_at_10_max": 0.298478,
        "nauc_map_at_10_std": 0.276125,
        "nauc_map_at_10_diff1": 0.268473,
        "nauc_map_at_20_max": 0.297529,
        "nauc_map_at_20_std": 0.279857,
        "nauc_map_at_20_diff1": 0.263367,
        "nauc_map_at_100_max": 0.29803,
        "nauc_map_at_100_std": 0.286591,
        "nauc_map_at_100_diff1": 0.260002,
        "nauc_map_at_1000_max": 0.298407,
        "nauc_map_at_1000_std": 0.289305,
        "nauc_map_at_1000_diff1": 0.259337,
        "nauc_recall_at_1_max": 0.324397,
        "nauc_recall_at_1_std": 0.253885,
        "nauc_recall_at_1_diff1": 0.369141,
        "nauc_recall_at_3_max": 0.293409,
        "nauc_recall_at_3_std": 0.269372,
        "nauc_recall_at_3_diff1": 0.240695,
        "nauc_recall_at_5_max": 0.276615,
        "nauc_recall_at_5_std": 0.273755,
        "nauc_recall_at_5_diff1": 0.205693,
        "nauc_recall_at_10_max": 0.257623,
        "nauc_recall_at_10_std": 0.312405,
        "nauc_recall_at_10_diff1": 0.156535,
        "nauc_recall_at_20_max": 0.255059,
        "nauc_recall_at_20_std": 0.334796,
        "nauc_recall_at_20_diff1": 0.137257,
        "nauc_recall_at_100_max": 0.264749,
        "nauc_recall_at_100_std": 0.39624,
        "nauc_recall_at_100_diff1": 0.111214,
        "nauc_recall_at_1000_max": 0.248742,
        "nauc_recall_at_1000_std": 0.47406,
        "nauc_recall_at_1000_diff1": 0.075502,
        "nauc_precision_at_1_max": 0.324397,
        "nauc_precision_at_1_std": 0.253885,
        "nauc_precision_at_1_diff1": 0.369141,
        "nauc_precision_at_3_max": 0.293409,
        "nauc_precision_at_3_std": 0.269372,
        "nauc_precision_at_3_diff1": 0.240695,
        "nauc_precision_at_5_max": 0.276615,
        "nauc_precision_at_5_std": 0.273755,
        "nauc_precision_at_5_diff1": 0.205693,
        "nauc_precision_at_10_max": 0.257623,
        "nauc_precision_at_10_std": 0.312405,
        "nauc_precision_at_10_diff1": 0.156535,
        "nauc_precision_at_20_max": 0.255059,
        "nauc_precision_at_20_std": 0.334796,
        "nauc_precision_at_20_diff1": 0.137257,
        "nauc_precision_at_100_max": 0.264749,
        "nauc_precision_at_100_std": 0.39624,
        "nauc_precision_at_100_diff1": 0.111214,
        "nauc_precision_at_1000_max": 0.248742,
        "nauc_precision_at_1000_std": 0.47406,
        "nauc_precision_at_1000_diff1": 0.075502,
        "nauc_mrr_at_1_max": 0.324397,
        "nauc_mrr_at_1_std": 0.253885,
        "nauc_mrr_at_1_diff1": 0.369141,
        "nauc_mrr_at_3_max": 0.304252,
        "nauc_mrr_at_3_std": 0.256694,
        "nauc_mrr_at_3_diff1": 0.293844,
        "nauc_mrr_at_5_max": 0.299488,
        "nauc_mrr_at_5_std": 0.257406,
        "nauc_mrr_at_5_diff1": 0.28103,
        "nauc_mrr_at_10_max": 0.292271,
        "nauc_mrr_at_10_std": 0.264853,
        "nauc_mrr_at_10_diff1": 0.266396,
        "nauc_mrr_at_20_max": 0.29195,
        "nauc_mrr_at_20_std": 0.268349,
        "nauc_mrr_at_20_diff1": 0.263306,
        "nauc_mrr_at_100_max": 0.292206,
        "nauc_mrr_at_100_std": 0.271539,
        "nauc_mrr_at_100_diff1": 0.260959,
        "nauc_mrr_at_1000_max": 0.292361,
        "nauc_mrr_at_1000_std": 0.272349,
        "nauc_mrr_at_1000_diff1": 0.260825,
        "main_score": 0.08201,
        "hf_subset": "default",
        "languages": [
          "eng-Latn"
        ]
      }
    ]
  },
  "evaluation_time": 3100.019819021225,
  "kg_co2_emissions": null
}