{
  "dataset_revision": "ab518f4d6fcca38d87c25209f94beba119d02014",
  "task_name": "HotpotQA",
  "mteb_version": "1.38.7",
  "scores": {
    "test": [
      {
        "ndcg_at_1": 0.00173,
        "ndcg_at_3": 0.00159,
        "ndcg_at_5": 0.00424,
        "ndcg_at_10": 0.00424,
        "ndcg_at_20": 0.00509,
        "ndcg_at_100": 0.00989,
        "ndcg_at_1000": 0.02322,
        "map_at_1": 0.00087,
        "map_at_3": 0.00115,
        "map_at_5": 0.00236,
        "map_at_10": 0.00236,
        "map_at_20": 0.00258,
        "map_at_100": 0.00306,
        "map_at_1000": 0.00341,
        "recall_at_1": 0.00087,
        "recall_at_3": 0.00173,
        "recall_at_5": 0.00692,
        "recall_at_10": 0.00692,
        "recall_at_20": 0.00952,
        "recall_at_100": 0.03201,
        "recall_at_1000": 0.1237,
        "precision_at_1": 0.00173,
        "precision_at_3": 0.00115,
        "precision_at_5": 0.00277,
        "precision_at_10": 0.00138,
        "precision_at_20": 0.00095,
        "precision_at_100": 0.00064,
        "precision_at_1000": 0.00025,
        "mrr_at_1": 0.00173,
        "mrr_at_3": 0.002307,
        "mrr_at_5": 0.004729,
        "mrr_at_10": 0.004729,
        "mrr_at_20": 0.00515,
        "mrr_at_100": 0.005988,
        "mrr_at_1000": 0.006504,
        "nauc_ndcg_at_1_max": -0.575717,
        "nauc_ndcg_at_1_std": 0.098729,
        "nauc_ndcg_at_1_diff1": 1.0,
        "nauc_ndcg_at_3_max": -0.27547,
        "nauc_ndcg_at_3_std": -0.040524,
        "nauc_ndcg_at_3_diff1": 0.643085,
        "nauc_ndcg_at_5_max": -0.02025,
        "nauc_ndcg_at_5_std": -0.060028,
        "nauc_ndcg_at_5_diff1": 0.103747,
        "nauc_ndcg_at_10_max": -0.02025,
        "nauc_ndcg_at_10_std": -0.060028,
        "nauc_ndcg_at_10_diff1": 0.103747,
        "nauc_ndcg_at_20_max": -0.066873,
        "nauc_ndcg_at_20_std": 0.020125,
        "nauc_ndcg_at_20_diff1": 0.043407,
        "nauc_ndcg_at_100_max": -0.012747,
        "nauc_ndcg_at_100_std": 0.027718,
        "nauc_ndcg_at_100_diff1": 0.084938,
        "nauc_ndcg_at_1000_max": 0.057871,
        "nauc_ndcg_at_1000_std": 0.026652,
        "nauc_ndcg_at_1000_diff1": 0.009788,
        "nauc_map_at_1_max": -0.575717,
        "nauc_map_at_1_std": 0.098729,
        "nauc_map_at_1_diff1": 1.0,
        "nauc_map_at_3_max": -0.350532,
        "nauc_map_at_3_std": -0.005711,
        "nauc_map_at_3_diff1": 0.732313,
        "nauc_map_at_5_max": -0.100677,
        "nauc_map_at_5_std": -0.030478,
        "nauc_map_at_5_diff1": 0.25009,
        "nauc_map_at_10_max": -0.100677,
        "nauc_map_at_10_std": -0.030478,
        "nauc_map_at_10_diff1": 0.25009,
        "nauc_map_at_20_max": -0.117206,
        "nauc_map_at_20_std": 0.006427,
        "nauc_map_at_20_diff1": 0.208942,
        "nauc_map_at_100_max": -0.093725,
        "nauc_map_at_100_std": 0.01967,
        "nauc_map_at_100_diff1": 0.203585,
        "nauc_map_at_1000_max": -0.076935,
        "nauc_map_at_1000_std": 0.026635,
        "nauc_map_at_1000_diff1": 0.187397,
        "nauc_recall_at_1_max": -0.575717,
        "nauc_recall_at_1_std": 0.098729,
        "nauc_recall_at_1_diff1": 1.0,
        "nauc_recall_at_3_max": -0.125347,
        "nauc_recall_at_3_std": -0.11015,
        "nauc_recall_at_3_diff1": 0.464627,
        "nauc_recall_at_5_max": 0.065459,
        "nauc_recall_at_5_std": -0.094169,
        "nauc_recall_at_5_diff1": -0.057167,
        "nauc_recall_at_10_max": 0.065459,
        "nauc_recall_at_10_std": -0.094169,
        "nauc_recall_at_10_diff1": -0.057167,
        "nauc_recall_at_20_max": -0.033321,
        "nauc_recall_at_20_std": 0.045539,
        "nauc_recall_at_20_diff1": -0.112247,
        "nauc_recall_at_100_max": 0.026374,
        "nauc_recall_at_100_std": 0.030803,
        "nauc_recall_at_100_diff1": 0.050649,
        "nauc_recall_at_1000_max": 0.09402,
        "nauc_recall_at_1000_std": 0.023951,
        "nauc_recall_at_1000_diff1": -0.033231,
        "nauc_precision_at_1_max": -0.575717,
        "nauc_precision_at_1_std": 0.098729,
        "nauc_precision_at_1_diff1": 1.0,
        "nauc_precision_at_3_max": -0.125347,
        "nauc_precision_at_3_std": -0.11015,
        "nauc_precision_at_3_diff1": 0.464627,
        "nauc_precision_at_5_max": 0.065459,
        "nauc_precision_at_5_std": -0.094169,
        "nauc_precision_at_5_diff1": -0.057167,
        "nauc_precision_at_10_max": 0.065459,
        "nauc_precision_at_10_std": -0.094169,
        "nauc_precision_at_10_diff1": -0.057167,
        "nauc_precision_at_20_max": -0.033321,
        "nauc_precision_at_20_std": 0.045539,
        "nauc_precision_at_20_diff1": -0.112247,
        "nauc_precision_at_100_max": 0.026374,
        "nauc_precision_at_100_std": 0.030803,
        "nauc_precision_at_100_diff1": 0.050649,
        "nauc_precision_at_1000_max": 0.09402,
        "nauc_precision_at_1000_std": 0.023951,
        "nauc_precision_at_1000_diff1": -0.033231,
        "nauc_mrr_at_1_max": -0.575717,
        "nauc_mrr_at_1_std": 0.098729,
        "nauc_mrr_at_1_diff1": 1.0,
        "nauc_mrr_at_3_max": -0.350532,
        "nauc_mrr_at_3_std": -0.005711,
        "nauc_mrr_at_3_diff1": 0.732313,
        "nauc_mrr_at_5_max": -0.100677,
        "nauc_mrr_at_5_std": -0.030478,
        "nauc_mrr_at_5_diff1": 0.25009,
        "nauc_mrr_at_10_max": -0.100677,
        "nauc_mrr_at_10_std": -0.030478,
        "nauc_mrr_at_10_diff1": 0.25009,
        "nauc_mrr_at_20_max": -0.117206,
        "nauc_mrr_at_20_std": 0.006427,
        "nauc_mrr_at_20_diff1": 0.208942,
        "nauc_mrr_at_100_max": -0.097106,
        "nauc_mrr_at_100_std": 0.010161,
        "nauc_mrr_at_100_diff1": 0.198374,
        "nauc_mrr_at_1000_max": -0.078423,
        "nauc_mrr_at_1000_std": 0.008234,
        "nauc_mrr_at_1000_diff1": 0.180472,
        "main_score": 0.00424,
        "hf_subset": "default",
        "languages": [
          "eng-Latn"
        ]
      }
    ]
  },
  "evaluation_time": 17129.408878564835,
  "kg_co2_emissions": null
}